-- phpMyAdmin SQL Dump
-- version 4.8.0
-- https://www.phpmyadmin.net/
--
-- Host: 127.0.0.1
-- Generation Time: Aug 15, 2018 at 09:27 AM
-- Server version: 10.1.31-MariaDB
-- PHP Version: 7.2.4

SET SQL_MODE = "NO_AUTO_VALUE_ON_ZERO";
SET AUTOCOMMIT = 0;
START TRANSACTION;
SET time_zone = "+00:00";


/*!40101 SET @OLD_CHARACTER_SET_CLIENT=@@CHARACTER_SET_CLIENT */;
/*!40101 SET @OLD_CHARACTER_SET_RESULTS=@@CHARACTER_SET_RESULTS */;
/*!40101 SET @OLD_COLLATION_CONNECTION=@@COLLATION_CONNECTION */;
/*!40101 SET NAMES utf8mb4 */;

--
-- Database: `apiblink_db`
--

-- --------------------------------------------------------

--
-- Table structure for table `countries`
--

CREATE TABLE `countries` (
  `id` int(10) UNSIGNED NOT NULL,
  `code` varchar(191) COLLATE utf8mb4_unicode_ci NOT NULL,
  `name` varchar(191) COLLATE utf8mb4_unicode_ci NOT NULL,
  `created_at` timestamp NULL DEFAULT NULL,
  `updated_at` timestamp NULL DEFAULT NULL
) ENGINE=InnoDB DEFAULT CHARSET=utf8mb4 COLLATE=utf8mb4_unicode_ci;

--
-- Dumping data for table `countries`
--

INSERT INTO `countries` (`id`, `code`, `name`, `created_at`, `updated_at`) VALUES
(1, '41', 'hic', '2018-08-15 00:17:00', '2018-08-15 00:17:00'),
(2, '50', 'laudantium', '2018-08-15 00:17:00', '2018-08-15 00:17:00'),
(3, '10', 'officiis', '2018-08-15 00:17:01', '2018-08-15 00:17:01'),
(4, '74', 'et', '2018-08-15 00:17:01', '2018-08-15 00:17:01'),
(5, '24', 'deleniti', '2018-08-15 00:17:01', '2018-08-15 00:17:01'),
(6, '43', 'inventore', '2018-08-15 00:17:01', '2018-08-15 00:17:01'),
(7, '95', 'enim', '2018-08-15 00:17:01', '2018-08-15 00:17:01'),
(8, '17', 'est', '2018-08-15 00:17:01', '2018-08-15 00:17:01'),
(9, '52', 'at', '2018-08-15 00:17:01', '2018-08-15 00:17:01'),
(10, '60', 'et', '2018-08-15 00:17:01', '2018-08-15 00:17:01'),
(11, '75', 'autem', '2018-08-15 00:17:01', '2018-08-15 00:17:01'),
(12, '90', 'sapiente', '2018-08-15 00:17:01', '2018-08-15 00:17:01'),
(13, '53', 'voluptas', '2018-08-15 00:17:01', '2018-08-15 00:17:01'),
(14, '71', 'illum', '2018-08-15 00:17:01', '2018-08-15 00:17:01'),
(15, '32', 'quia', '2018-08-15 00:17:01', '2018-08-15 00:17:01'),
(16, '78', 'dolores', '2018-08-15 00:17:01', '2018-08-15 00:17:01'),
(17, '51', 'et', '2018-08-15 00:17:01', '2018-08-15 00:17:01'),
(18, '100', 'rerum', '2018-08-15 00:17:01', '2018-08-15 00:17:01'),
(19, '74', 'consequatur', '2018-08-15 00:17:01', '2018-08-15 00:17:01'),
(20, '99', 'ullam', '2018-08-15 00:17:01', '2018-08-15 00:17:01'),
(21, '75', 'aut', '2018-08-15 00:17:01', '2018-08-15 00:17:01'),
(22, '99', 'dolorem', '2018-08-15 00:17:01', '2018-08-15 00:17:01'),
(23, '14', 'et', '2018-08-15 00:17:01', '2018-08-15 00:17:01'),
(24, '44', 'qui', '2018-08-15 00:17:01', '2018-08-15 00:17:01'),
(25, '58', 'sequi', '2018-08-15 00:17:01', '2018-08-15 00:17:01'),
(26, '32', 'a', '2018-08-15 00:17:02', '2018-08-15 00:17:02'),
(27, '9', 'deserunt', '2018-08-15 00:17:02', '2018-08-15 00:17:02'),
(28, '59', 'atque', '2018-08-15 00:17:02', '2018-08-15 00:17:02'),
(29, '63', 'dicta', '2018-08-15 00:17:02', '2018-08-15 00:17:02'),
(30, '54', 'id', '2018-08-15 00:17:02', '2018-08-15 00:17:02'),
(31, '94', 'perferendis', '2018-08-15 00:19:44', '2018-08-15 00:19:44'),
(32, '80', 'sit', '2018-08-15 00:19:44', '2018-08-15 00:19:44'),
(33, '62', 'et', '2018-08-15 00:19:44', '2018-08-15 00:19:44'),
(34, '4', 'veritatis', '2018-08-15 00:19:44', '2018-08-15 00:19:44'),
(35, '11', 'accusamus', '2018-08-15 00:19:44', '2018-08-15 00:19:44'),
(36, '54', 'ex', '2018-08-15 00:19:44', '2018-08-15 00:19:44'),
(37, '87', 'tempora', '2018-08-15 00:19:44', '2018-08-15 00:19:44'),
(38, '69', 'ducimus', '2018-08-15 00:19:44', '2018-08-15 00:19:44'),
(39, '99', 'ut', '2018-08-15 00:19:44', '2018-08-15 00:19:44'),
(40, '65', 'modi', '2018-08-15 00:19:44', '2018-08-15 00:19:44'),
(41, '55', 'expedita', '2018-08-15 00:19:44', '2018-08-15 00:19:44'),
(42, '23', 'dolorem', '2018-08-15 00:19:44', '2018-08-15 00:19:44'),
(43, '4', 'ab', '2018-08-15 00:19:44', '2018-08-15 00:19:44'),
(44, '72', 'omnis', '2018-08-15 00:19:44', '2018-08-15 00:19:44'),
(45, '92', 'modi', '2018-08-15 00:19:44', '2018-08-15 00:19:44'),
(46, '13', 'molestiae', '2018-08-15 00:19:44', '2018-08-15 00:19:44'),
(47, '23', 'voluptatem', '2018-08-15 00:19:44', '2018-08-15 00:19:44'),
(48, '6', 'dolorem', '2018-08-15 00:19:44', '2018-08-15 00:19:44'),
(49, '25', 'deleniti', '2018-08-15 00:19:44', '2018-08-15 00:19:44'),
(50, '94', 'qui', '2018-08-15 00:19:44', '2018-08-15 00:19:44'),
(51, '78', 'saepe', '2018-08-15 00:19:44', '2018-08-15 00:19:44'),
(52, '89', 'culpa', '2018-08-15 00:19:44', '2018-08-15 00:19:44'),
(53, '63', 'cupiditate', '2018-08-15 00:19:44', '2018-08-15 00:19:44'),
(54, '12', 'non', '2018-08-15 00:19:44', '2018-08-15 00:19:44'),
(55, '71', 'similique', '2018-08-15 00:19:45', '2018-08-15 00:19:45'),
(56, '33', 'occaecati', '2018-08-15 00:19:45', '2018-08-15 00:19:45'),
(57, '3', 'facere', '2018-08-15 00:19:45', '2018-08-15 00:19:45'),
(58, '35', 'aperiam', '2018-08-15 00:19:45', '2018-08-15 00:19:45'),
(59, '89', 'qui', '2018-08-15 00:19:45', '2018-08-15 00:19:45'),
(60, '76', 'ut', '2018-08-15 00:19:45', '2018-08-15 00:19:45'),
(61, '62', 'at', '2018-08-15 00:22:10', '2018-08-15 00:22:10'),
(62, '43', 'corporis', '2018-08-15 00:22:10', '2018-08-15 00:22:10'),
(63, '88', 'magnam', '2018-08-15 00:22:11', '2018-08-15 00:22:11'),
(64, '83', 'vel', '2018-08-15 00:22:11', '2018-08-15 00:22:11'),
(65, '43', 'aut', '2018-08-15 00:22:11', '2018-08-15 00:22:11'),
(66, '52', 'voluptas', '2018-08-15 00:22:11', '2018-08-15 00:22:11'),
(67, '31', 'omnis', '2018-08-15 00:22:11', '2018-08-15 00:22:11'),
(68, '26', 'velit', '2018-08-15 00:22:11', '2018-08-15 00:22:11'),
(69, '56', 'odit', '2018-08-15 00:22:11', '2018-08-15 00:22:11'),
(70, '38', 'nihil', '2018-08-15 00:22:11', '2018-08-15 00:22:11'),
(71, '74', 'reiciendis', '2018-08-15 00:22:11', '2018-08-15 00:22:11'),
(72, '41', 'dignissimos', '2018-08-15 00:22:11', '2018-08-15 00:22:11'),
(73, '19', 'voluptatem', '2018-08-15 00:22:11', '2018-08-15 00:22:11'),
(74, '34', 'doloremque', '2018-08-15 00:22:11', '2018-08-15 00:22:11'),
(75, '64', 'voluptatem', '2018-08-15 00:22:11', '2018-08-15 00:22:11'),
(76, '46', 'quia', '2018-08-15 00:22:11', '2018-08-15 00:22:11'),
(77, '38', 'tempora', '2018-08-15 00:22:11', '2018-08-15 00:22:11'),
(78, '19', 'eaque', '2018-08-15 00:22:11', '2018-08-15 00:22:11'),
(79, '59', 'repudiandae', '2018-08-15 00:22:11', '2018-08-15 00:22:11'),
(80, '28', 'vel', '2018-08-15 00:22:11', '2018-08-15 00:22:11'),
(81, '95', 'temporibus', '2018-08-15 00:22:11', '2018-08-15 00:22:11'),
(82, '82', 'nostrum', '2018-08-15 00:22:11', '2018-08-15 00:22:11'),
(83, '45', 'consequatur', '2018-08-15 00:22:11', '2018-08-15 00:22:11'),
(84, '30', 'rem', '2018-08-15 00:22:11', '2018-08-15 00:22:11'),
(85, '20', 'doloremque', '2018-08-15 00:22:11', '2018-08-15 00:22:11'),
(86, '54', 'velit', '2018-08-15 00:22:11', '2018-08-15 00:22:11'),
(87, '91', 'quod', '2018-08-15 00:22:12', '2018-08-15 00:22:12'),
(88, '83', 'dolor', '2018-08-15 00:22:12', '2018-08-15 00:22:12'),
(89, '61', 'error', '2018-08-15 00:22:12', '2018-08-15 00:22:12'),
(90, '23', 'recusandae', '2018-08-15 00:22:12', '2018-08-15 00:22:12'),
(91, '68', 'soluta', '2018-08-15 00:23:33', '2018-08-15 00:23:33'),
(92, '86', 'aut', '2018-08-15 00:23:33', '2018-08-15 00:23:33'),
(93, '33', 'nam', '2018-08-15 00:23:34', '2018-08-15 00:23:34'),
(94, '67', 'harum', '2018-08-15 00:23:34', '2018-08-15 00:23:34'),
(95, '100', 'corrupti', '2018-08-15 00:23:34', '2018-08-15 00:23:34'),
(96, '99', 'quos', '2018-08-15 00:23:34', '2018-08-15 00:23:34'),
(97, '8', 'eligendi', '2018-08-15 00:23:34', '2018-08-15 00:23:34'),
(98, '95', 'voluptas', '2018-08-15 00:23:34', '2018-08-15 00:23:34'),
(99, '22', 'dolorem', '2018-08-15 00:23:34', '2018-08-15 00:23:34'),
(100, '26', 'a', '2018-08-15 00:23:34', '2018-08-15 00:23:34'),
(101, '90', 'illum', '2018-08-15 00:23:34', '2018-08-15 00:23:34'),
(102, '8', 'enim', '2018-08-15 00:23:34', '2018-08-15 00:23:34'),
(103, '52', 'ipsam', '2018-08-15 00:23:34', '2018-08-15 00:23:34'),
(104, '4', 'quod', '2018-08-15 00:23:34', '2018-08-15 00:23:34'),
(105, '19', 'et', '2018-08-15 00:23:34', '2018-08-15 00:23:34'),
(106, '90', 'sint', '2018-08-15 00:23:34', '2018-08-15 00:23:34'),
(107, '60', 'asperiores', '2018-08-15 00:23:34', '2018-08-15 00:23:34'),
(108, '25', 'natus', '2018-08-15 00:23:34', '2018-08-15 00:23:34'),
(109, '36', 'asperiores', '2018-08-15 00:23:34', '2018-08-15 00:23:34'),
(110, '67', 'ut', '2018-08-15 00:23:34', '2018-08-15 00:23:34'),
(111, '46', 'impedit', '2018-08-15 00:23:34', '2018-08-15 00:23:34'),
(112, '23', 'enim', '2018-08-15 00:23:34', '2018-08-15 00:23:34'),
(113, '43', 'voluptatem', '2018-08-15 00:23:34', '2018-08-15 00:23:34'),
(114, '39', 'reprehenderit', '2018-08-15 00:23:34', '2018-08-15 00:23:34'),
(115, '63', 'eos', '2018-08-15 00:23:34', '2018-08-15 00:23:34'),
(116, '80', 'et', '2018-08-15 00:23:35', '2018-08-15 00:23:35'),
(117, '10', 'perferendis', '2018-08-15 00:23:35', '2018-08-15 00:23:35'),
(118, '96', 'rem', '2018-08-15 00:23:35', '2018-08-15 00:23:35'),
(119, '62', 'adipisci', '2018-08-15 00:23:35', '2018-08-15 00:23:35'),
(120, '40', 'placeat', '2018-08-15 00:23:35', '2018-08-15 00:23:35'),
(121, '73', 'iste', '2018-08-15 00:24:36', '2018-08-15 00:24:36'),
(122, '16', 'praesentium', '2018-08-15 00:24:36', '2018-08-15 00:24:36'),
(123, '36', 'necessitatibus', '2018-08-15 00:24:36', '2018-08-15 00:24:36'),
(124, '39', 'libero', '2018-08-15 00:24:36', '2018-08-15 00:24:36'),
(125, '28', 'architecto', '2018-08-15 00:24:36', '2018-08-15 00:24:36'),
(126, '80', 'alias', '2018-08-15 00:24:36', '2018-08-15 00:24:36'),
(127, '61', 'id', '2018-08-15 00:24:36', '2018-08-15 00:24:36'),
(128, '6', 'aspernatur', '2018-08-15 00:24:36', '2018-08-15 00:24:36'),
(129, '30', 'similique', '2018-08-15 00:24:36', '2018-08-15 00:24:36'),
(130, '15', 'ea', '2018-08-15 00:24:36', '2018-08-15 00:24:36'),
(131, '79', 'non', '2018-08-15 00:24:36', '2018-08-15 00:24:36'),
(132, '65', 'voluptatem', '2018-08-15 00:24:36', '2018-08-15 00:24:36'),
(133, '95', 'consequuntur', '2018-08-15 00:24:36', '2018-08-15 00:24:36'),
(134, '20', 'consequuntur', '2018-08-15 00:24:36', '2018-08-15 00:24:36'),
(135, '63', 'numquam', '2018-08-15 00:24:36', '2018-08-15 00:24:36'),
(136, '94', 'consequatur', '2018-08-15 00:24:36', '2018-08-15 00:24:36'),
(137, '33', 'quia', '2018-08-15 00:24:36', '2018-08-15 00:24:36'),
(138, '89', 'voluptas', '2018-08-15 00:24:36', '2018-08-15 00:24:36'),
(139, '98', 'alias', '2018-08-15 00:24:37', '2018-08-15 00:24:37'),
(140, '99', 'a', '2018-08-15 00:24:37', '2018-08-15 00:24:37'),
(141, '24', 'qui', '2018-08-15 00:24:37', '2018-08-15 00:24:37'),
(142, '41', 'inventore', '2018-08-15 00:24:37', '2018-08-15 00:24:37'),
(143, '72', 'voluptates', '2018-08-15 00:24:37', '2018-08-15 00:24:37'),
(144, '94', 'sint', '2018-08-15 00:24:37', '2018-08-15 00:24:37'),
(145, '5', 'rerum', '2018-08-15 00:24:37', '2018-08-15 00:24:37'),
(146, '78', 'magni', '2018-08-15 00:24:37', '2018-08-15 00:24:37'),
(147, '24', 'tempore', '2018-08-15 00:24:37', '2018-08-15 00:24:37'),
(148, '48', 'in', '2018-08-15 00:24:37', '2018-08-15 00:24:37'),
(149, '21', 'libero', '2018-08-15 00:24:37', '2018-08-15 00:24:37'),
(150, '10', 'molestiae', '2018-08-15 00:24:37', '2018-08-15 00:24:37'),
(151, '55', 'reprehenderit', '2018-08-15 00:25:11', '2018-08-15 00:25:11'),
(152, '46', 'ut', '2018-08-15 00:25:11', '2018-08-15 00:25:11'),
(153, '90', 'laborum', '2018-08-15 00:25:11', '2018-08-15 00:25:11'),
(154, '93', 'at', '2018-08-15 00:25:11', '2018-08-15 00:25:11'),
(155, '100', 'quasi', '2018-08-15 00:25:11', '2018-08-15 00:25:11'),
(156, '9', 'impedit', '2018-08-15 00:25:11', '2018-08-15 00:25:11'),
(157, '60', 'nobis', '2018-08-15 00:25:11', '2018-08-15 00:25:11'),
(158, '82', 'consequatur', '2018-08-15 00:25:11', '2018-08-15 00:25:11'),
(159, '50', 'ipsa', '2018-08-15 00:25:11', '2018-08-15 00:25:11'),
(160, '55', 'dolorum', '2018-08-15 00:25:11', '2018-08-15 00:25:11'),
(161, '68', 'dolorum', '2018-08-15 00:25:11', '2018-08-15 00:25:11'),
(162, '59', 'commodi', '2018-08-15 00:25:11', '2018-08-15 00:25:11'),
(163, '86', 'consequuntur', '2018-08-15 00:25:11', '2018-08-15 00:25:11'),
(164, '61', 'accusamus', '2018-08-15 00:25:11', '2018-08-15 00:25:11'),
(165, '38', 'sunt', '2018-08-15 00:25:11', '2018-08-15 00:25:11'),
(166, '75', 'quis', '2018-08-15 00:25:11', '2018-08-15 00:25:11'),
(167, '88', 'qui', '2018-08-15 00:25:11', '2018-08-15 00:25:11'),
(168, '3', 'qui', '2018-08-15 00:25:11', '2018-08-15 00:25:11'),
(169, '65', 'quo', '2018-08-15 00:25:11', '2018-08-15 00:25:11'),
(170, '11', 'nesciunt', '2018-08-15 00:25:11', '2018-08-15 00:25:11'),
(171, '83', 'doloribus', '2018-08-15 00:25:11', '2018-08-15 00:25:11'),
(172, '49', 'vero', '2018-08-15 00:25:11', '2018-08-15 00:25:11'),
(173, '54', 'nam', '2018-08-15 00:25:11', '2018-08-15 00:25:11'),
(174, '8', 'aperiam', '2018-08-15 00:25:11', '2018-08-15 00:25:11'),
(175, '2', 'enim', '2018-08-15 00:25:11', '2018-08-15 00:25:11'),
(176, '74', 'impedit', '2018-08-15 00:25:11', '2018-08-15 00:25:11'),
(177, '81', 'omnis', '2018-08-15 00:25:11', '2018-08-15 00:25:11'),
(178, '12', 'qui', '2018-08-15 00:25:11', '2018-08-15 00:25:11'),
(179, '70', 'reprehenderit', '2018-08-15 00:25:11', '2018-08-15 00:25:11'),
(180, '10', 'et', '2018-08-15 00:25:11', '2018-08-15 00:25:11');

-- --------------------------------------------------------

--
-- Table structure for table `migrations`
--

CREATE TABLE `migrations` (
  `id` int(10) UNSIGNED NOT NULL,
  `migration` varchar(191) COLLATE utf8mb4_unicode_ci NOT NULL,
  `batch` int(11) NOT NULL
) ENGINE=InnoDB DEFAULT CHARSET=utf8mb4 COLLATE=utf8mb4_unicode_ci;

--
-- Dumping data for table `migrations`
--

INSERT INTO `migrations` (`id`, `migration`, `batch`) VALUES
(1, '2014_10_12_000000_create_users_table', 1),
(2, '2014_10_12_100000_create_password_resets_table', 1),
(3, '2018_08_15_053158_create_countries_table', 1),
(4, '2018_08_15_053237_create_regions_table', 1);

-- --------------------------------------------------------

--
-- Table structure for table `password_resets`
--

CREATE TABLE `password_resets` (
  `email` varchar(191) COLLATE utf8mb4_unicode_ci NOT NULL,
  `token` varchar(191) COLLATE utf8mb4_unicode_ci NOT NULL,
  `created_at` timestamp NULL DEFAULT NULL
) ENGINE=InnoDB DEFAULT CHARSET=utf8mb4 COLLATE=utf8mb4_unicode_ci;

-- --------------------------------------------------------

--
-- Table structure for table `regions`
--

CREATE TABLE `regions` (
  `id` int(10) UNSIGNED NOT NULL,
  `name` varchar(191) COLLATE utf8mb4_unicode_ci NOT NULL,
  `description` varchar(191) COLLATE utf8mb4_unicode_ci NOT NULL,
  `country_id` int(10) UNSIGNED NOT NULL,
  `created_at` timestamp NULL DEFAULT NULL,
  `updated_at` timestamp NULL DEFAULT NULL
) ENGINE=InnoDB DEFAULT CHARSET=utf8mb4 COLLATE=utf8mb4_unicode_ci;

--
-- Dumping data for table `regions`
--

INSERT INTO `regions` (`id`, `name`, `description`, `country_id`, `created_at`, `updated_at`) VALUES
(1, 'dolor', 'Dolor dolores eaque consequatur. Similique sequi enim quia atque iste voluptas. Inventore sapiente ea nulla est quaerat.', 102, '2018-08-15 00:23:35', '2018-08-15 00:23:35'),
(2, 'odit', 'Sunt aliquam suscipit provident autem ratione. Veritatis perferendis et ut. Culpa id sed in repellat sit.', 75, '2018-08-15 00:23:35', '2018-08-15 00:23:35'),
(3, 'sapiente', 'Maiores voluptates eum non ullam adipisci. Excepturi corrupti porro cupiditate qui reiciendis qui minima. Eveniet illum dolore ut modi vel neque.', 66, '2018-08-15 00:23:35', '2018-08-15 00:23:35'),
(4, 'et', 'Quis enim ipsam ex velit provident tempora cupiditate ipsa. Quia voluptate cum qui voluptatem eum ipsam. Commodi beatae adipisci eos voluptas exercitationem a distinctio quod.', 106, '2018-08-15 00:23:35', '2018-08-15 00:23:35'),
(5, 'ut', 'et', 171, '2018-08-15 00:25:12', '2018-08-15 00:25:12'),
(6, 'eaque', 'aut', 171, '2018-08-15 00:25:12', '2018-08-15 00:25:12'),
(7, 'qui', 'est', 151, '2018-08-15 00:25:12', '2018-08-15 00:25:12'),
(8, 'molestiae', 'ex', 66, '2018-08-15 00:25:12', '2018-08-15 00:25:12'),
(9, 'reiciendis', 'quia', 17, '2018-08-15 00:25:12', '2018-08-15 00:25:12'),
(10, 'aut', 'ipsa', 154, '2018-08-15 00:25:12', '2018-08-15 00:25:12'),
(11, 'dolores', 'exercitationem', 88, '2018-08-15 00:25:12', '2018-08-15 00:25:12'),
(12, 'aut', 'voluptas', 171, '2018-08-15 00:25:12', '2018-08-15 00:25:12'),
(13, 'velit', 'incidunt', 44, '2018-08-15 00:25:12', '2018-08-15 00:25:12'),
(14, 'iure', 'consequuntur', 41, '2018-08-15 00:25:12', '2018-08-15 00:25:12'),
(15, 'beatae', 'deleniti', 63, '2018-08-15 00:25:12', '2018-08-15 00:25:12'),
(16, 'veniam', 'similique', 106, '2018-08-15 00:25:12', '2018-08-15 00:25:12'),
(17, 'provident', 'repellendus', 136, '2018-08-15 00:25:12', '2018-08-15 00:25:12'),
(18, 'quia', 'quasi', 54, '2018-08-15 00:25:12', '2018-08-15 00:25:12'),
(19, 'quo', 'quo', 20, '2018-08-15 00:25:12', '2018-08-15 00:25:12'),
(20, 'sed', 'eum', 174, '2018-08-15 00:25:12', '2018-08-15 00:25:12'),
(21, 'iusto', 'iste', 88, '2018-08-15 00:25:12', '2018-08-15 00:25:12'),
(22, 'consequatur', 'quia', 28, '2018-08-15 00:25:12', '2018-08-15 00:25:12'),
(23, 'totam', 'ad', 134, '2018-08-15 00:25:12', '2018-08-15 00:25:12'),
(24, 'et', 'fuga', 159, '2018-08-15 00:25:12', '2018-08-15 00:25:12'),
(25, 'sunt', 'ullam', 50, '2018-08-15 00:25:12', '2018-08-15 00:25:12'),
(26, 'voluptatibus', 'aliquid', 44, '2018-08-15 00:25:12', '2018-08-15 00:25:12'),
(27, 'repellat', 'sed', 170, '2018-08-15 00:25:12', '2018-08-15 00:25:12'),
(28, 'repellendus', 'animi', 116, '2018-08-15 00:25:12', '2018-08-15 00:25:12'),
(29, 'placeat', 'placeat', 115, '2018-08-15 00:25:12', '2018-08-15 00:25:12'),
(30, 'dolore', 'at', 63, '2018-08-15 00:25:12', '2018-08-15 00:25:12'),
(31, 'dolorum', 'architecto', 104, '2018-08-15 00:25:12', '2018-08-15 00:25:12'),
(32, 'repellendus', 'asperiores', 133, '2018-08-15 00:25:12', '2018-08-15 00:25:12'),
(33, 'dolor', 'consectetur', 17, '2018-08-15 00:25:12', '2018-08-15 00:25:12'),
(34, 'vitae', 'quidem', 31, '2018-08-15 00:25:12', '2018-08-15 00:25:12');

-- --------------------------------------------------------

--
-- Table structure for table `users`
--

CREATE TABLE `users` (
  `id` int(10) UNSIGNED NOT NULL,
  `name` varchar(191) COLLATE utf8mb4_unicode_ci NOT NULL,
  `email` varchar(191) COLLATE utf8mb4_unicode_ci NOT NULL,
  `password` varchar(191) COLLATE utf8mb4_unicode_ci NOT NULL,
  `remember_token` varchar(100) COLLATE utf8mb4_unicode_ci DEFAULT NULL,
  `created_at` timestamp NULL DEFAULT NULL,
  `updated_at` timestamp NULL DEFAULT NULL
) ENGINE=InnoDB DEFAULT CHARSET=utf8mb4 COLLATE=utf8mb4_unicode_ci;

--
-- Indexes for dumped tables
--

--
-- Indexes for table `countries`
--
ALTER TABLE `countries`
  ADD PRIMARY KEY (`id`);

--
-- Indexes for table `migrations`
--
ALTER TABLE `migrations`
  ADD PRIMARY KEY (`id`);

--
-- Indexes for table `password_resets`
--
ALTER TABLE `password_resets`
  ADD KEY `password_resets_email_index` (`email`);

--
-- Indexes for table `regions`
--
ALTER TABLE `regions`
  ADD PRIMARY KEY (`id`),
  ADD KEY `regions_country_id_foreign` (`country_id`);

--
-- Indexes for table `users`
--
ALTER TABLE `users`
  ADD PRIMARY KEY (`id`),
  ADD UNIQUE KEY `users_email_unique` (`email`);

--
-- AUTO_INCREMENT for dumped tables
--

--
-- AUTO_INCREMENT for table `countries`
--
ALTER TABLE `countries`
  MODIFY `id` int(10) UNSIGNED NOT NULL AUTO_INCREMENT, AUTO_INCREMENT=181;

--
-- AUTO_INCREMENT for table `migrations`
--
ALTER TABLE `migrations`
  MODIFY `id` int(10) UNSIGNED NOT NULL AUTO_INCREMENT, AUTO_INCREMENT=5;

--
-- AUTO_INCREMENT for table `regions`
--
ALTER TABLE `regions`
  MODIFY `id` int(10) UNSIGNED NOT NULL AUTO_INCREMENT, AUTO_INCREMENT=35;

--
-- AUTO_INCREMENT for table `users`
--
ALTER TABLE `users`
  MODIFY `id` int(10) UNSIGNED NOT NULL AUTO_INCREMENT;

--
-- Constraints for dumped tables
--

--
-- Constraints for table `regions`
--
ALTER TABLE `regions`
  ADD CONSTRAINT `regions_country_id_foreign` FOREIGN KEY (`country_id`) REFERENCES `countries` (`id`) ON DELETE CASCADE;
COMMIT;

/*!40101 SET CHARACTER_SET_CLIENT=@OLD_CHARACTER_SET_CLIENT */;
/*!40101 SET CHARACTER_SET_RESULTS=@OLD_CHARACTER_SET_RESULTS */;
/*!40101 SET COLLATION_CONNECTION=@OLD_COLLATION_CONNECTION */;
